Lon,Lat,Cafe,Delivery,Catalog,Pickup
36.590546,50.599874,False,False,True,False
36.128741,51.743953,False,True,True,True
36.074339,52.955493,False,True,True,True
36.110325,52.950534,False,False,True,False
36.073844,52.985125,False,True,True,True
36.492019,50.787279,False,False,True,False
36.175121,51.725859,False,True,True,True
39.159638,51.710867,False,True,True,True
39.230578,51.633441,False,True,True,True
39.25508,51.682766,False,True,True,True
39.201527,51.71234,False,True,True,True
39.196379,51.66897,False,True,True,True
39.262801,51.682631,False,False,True,False
38.286161,54.015993,False,True,True,True
39.751538,54.623993,False,False,True,True
39.7918239,54.6021268,False,True,True,True
39.739824,54.630201,False,False,True,True
38.303104,54.011369,True,True,True,True
37.583293,54.155815,False,True,True,True
37.618848,54.191779,False,False,True,False
37.64259,54.201792,False,True,True,True
37.601555,54.191458,False,True,True,True
39.589985,52.603778,False,True,True,True
39.60267,52.61092,False,True,True,True
39.5357,52.588691,False,True,True,True
39.54666,52.608913,False,True,True,True
39.5119378,52.5816848,False,True,True,True
39.4893917,52.5969615,False,True,True,True
39.5109398,52.6020961,False,True,True,True
39.574319,52.611298,False,True,True,True
39.517716,52.602318,False,False,True,True
39.545025,52.591016,False,True,True,True
32.104665,54.757025,False,True,True,True
34.358619,53.265671,False,True,True,True
36.264835,54.518413,False,True,True,True
36.601245,55.12012,False,True,True,True
32.002248,54.768936,False,True,True,True
36.256041,54.517044,False,True,True,True
39.139067,51.646051,False,True,True,True
39.149604,51.706123,False,True,True,True
37.9129924,51.3039211,True,True,True,True
39.188861,51.655981,True,True,True,True
39.147421,51.708076,False,False,True,False
48.382426,55.882474,False,True,True,True
49.20645,55.748326,False,True,True,True
49.230453,55.773438,False,True,True,True
49.18234,55.817284,False,True,True,True
49.1296378,55.7788983,False,True,True,True
49.141565,55.81997,False,True,True,True
49.093415,55.817461,False,True,True,True
48.882266,55.872905,False,True,True,True
49.062145,55.829704,False,True,True,True
49.1487907,55.8259535,True,True,True,True
49.230965,55.751437,False,True,True,True
49.093397,55.821168,True,True,True,True
53.216781,56.834579,False,True,True,True
53.227139,56.872595,False,True,True,True
53.255642,56.878369,False,True,True,True
53.268408,56.876097,False,True,True,True
53.223662,56.87349,False,False,True,False
53.231756,56.919936,False,False,True,False
53.161472,56.788051,False,False,True,False
53.204412,56.876904,False,True,True,True
47.200557,56.148885,False,True,True,True
47.862885,56.651176,False,True,True,True
47.858394,56.644203,False,True,True,True
49.65639,58.604139,False,True,True,True
50.043932,58.556581,False,False,True,False
47.896761,56.627916,False,True,True,True
47.247773,56.143559,False,True,True,True
47.309631,56.102338,False,True,True,True
47.265874,56.101976,False,True,True,True
47.198078,56.15073,False,True,True,True
47.267931,56.111695,False,True,True,True
51.82106,55.651628,False,True,True,True
52.409403,55.751786,False,True,True,True
52.274017,54.899379,False,True,True,True
51.791263,55.620265,False,True,True,True
52.380953,55.724895,False,True,True,True
52.4249052,55.7465371,False,True,True,True
52.294939,55.672966,False,True,True,True
43.831857,55.400834,False,True,True,True
44.077241,56.294591,False,True,True,True
45.215945,54.177247,False,True,True,True
45.180399,54.182174,False,True,True,True
43.325998,54.939853,False,False,True,False
43.945269,56.2282,False,True,True,True
43.987292,56.308975,True,True,True,True
43.863684,56.228005,False,True,True,True
43.85643148522728,56.32994788043234,False,True,True,True
43.847344,56.242434,False,True,True,True
43.424318,56.229621,False,True,True,True
43.400854,56.227545,False,False,True,False
43.856974,56.259358,False,True,True,True
43.399857,56.64248,False,True,True,True
43.41547,56.226904,True,True,True,True
43.92821,56.28733,False,True,True,True
43.947623,56.320338,False,False,False,False
43.959031,56.324691,True,True,True,False
44.052717,56.359953,False,True,True,True
43.907558,56.329168,False,True,True,True
43.935684,56.339203,False,False,True,False
43.936403,56.334218,False,False,True,False
43.906552,56.342261,False,False,True,False
43.927069,56.344012,False,True,True,True
39.871158,57.627754,False,True,True,True
40.403032,56.12833,False,True,True,True
40.3891,56.14078,False,True,True,True
40.479883,56.16811,False,True,True,True
40.357765,56.11819,False,True,True,True
39.869334,57.595365,False,True,True,True
40.457964,56.161038,False,False,True,False
39.862893,57.57055,False,True,True,True
39.856992,57.624525,False,False,True,False
39.900596,57.59032,False,False,True,False
55.185197,51.773873,False,True,True,True
55.103738,51.770467,False,True,True,True
55.1728,51.818277,False,True,True,True
55.095248,51.804668,False,True,True,True
44.997807,53.202707,False,True,True,True
45.012082,53.200269,False,True,True,True
50.209689,53.253131,False,True,True,True
50.191175,53.236502,False,True,True,True
50.231752,53.260177,False,False,True,False
50.1428,53.202243,True,True,True,True
49.958565,53.101773,False,False,True,False
50.243969,53.249936,False,False,True,True
50.041542,53.142627,False,True,True,True
50.239279,53.25222,False,True,True,True
50.21065,53.264981,False,True,True,True
50.148972,53.217187,True,False,True,True
49.271902,53.517908,False,True,True,True
49.319719,53.533645,False,True,True,True
46.06303,51.531175,False,True,True,True
46.014206,51.541568,False,True,True,True
46.118384,51.50258,False,True,True,True
47.829432,52.022697,False,False,True,False
45.920171,51.494299,False,True,True,True
48.401362,54.327199,True,True,True,True
48.582588,54.374496,False,True,True,True
48.399817,53.121788,False,True,True,True
48.303293,54.278014,False,True,True,True
50.173316,53.210252,False,False,True,False
50.14439,53.199789,True,True,True,True
50.179245,53.190672,False,True,True,True
50.167594,53.217014,False,False,True,True
50.185803,53.242435,False,False,True,False
50.131158,53.203193,False,False,True,False
50.117782,53.204773,False,True,True,True
50.134096,53.215478,True,False,True,False
55.944174,54.724833,False,True,True,True
55.99978,54.707686,False,True,True,True
56.046708,53.438537,False,False,True,False
56.03132,54.782822,False,True,True,True
56.077475,54.774452,False,True,True,True
55.958907,54.734165,False,True,True,True
55.834625,54.710989,False,True,True,True
30.497085,59.917556,False,True,True,True
30.465186,59.919581,True,False,True,False
30.434634,59.937851,False,True,True,True
30.3679006,59.8100544,False,True,True,True
30.377412,59.830757,True,True,True,True
30.384454,59.703716,False,True,True,True
30.612429,59.735042,False,True,True,True
30.611324,59.740534,True,True,True,True
30.572095,59.737369,True,True,True,True
30.469794,59.732421,False,True,True,False
30.463515,59.737931,True,True,True,True
30.339215,59.832317,False,True,True,True
30.3862999,59.9712807,False,True,True,True
30.374393,59.978899,True,True,True,True
30.420351,59.971204,False,False,True,False
30.488237,59.950244,False,False,True,False
30.435425,59.97201,False,True,True,True
30.409275,59.955475,False,True,True,True
30.560803,59.946211,False,True,True,True
30.274851,60.006921,False,True,True,True
30.244757,60.006952,False,True,True,True
30.2451927,60.0219218,True,True,True,True
30.284014,60.023637,False,True,True,True
30.20578,59.990899,True,True,True,True
30.198207,59.988878,False,False,True,False
30.262535,60.008932,False,True,True,True
30.228875,60.017877,False,True,True,True
31.280102,58.565204,False,True,True,True
34.314674,61.763704,False,True,True,True
34.364422,61.791354,True,True,True,True
28.289952,57.823449,False,True,True,True
34.370405,61.776364,False,True,True,True
30.218742,59.958827,False,True,True,True
30.313164,59.958169,False,True,True,False
30.22018,59.953606,False,True,True,True
30.319569,59.959147,True,True,True,True
30.215706,59.945864,False,False,True,False
30.275174,59.941862,False,True,True,True
30.32071,59.974342,False,True,True,True
30.295494,59.962899,False,True,True,True
30.230627,59.938252,True,False,True,False
30.151252,59.993266,False,True,True,True
30.283205,59.999485,True,True,True,True
29.703451,60.205983,False,True,True,True
30.198979,59.999372,False,False,True,False
30.331193,60.052703,True,False,True,False
30.339943,60.072211,False,True,True,True
30.389575,60.042447,True,True,True,True
30.333394,60.048804,True,False,True,False
30.323863,60.055771,False,True,True,True
30.211933,60.008333,False,True,True,True
30.355978,60.047425,True,False,True,False
30.303453,60.065539,False,True,True,True
30.406481,60.037463,True,True,True,True
30.467827,60.055807,False,True,True,True
30.321204,60.036537,False,True,True,True
30.352995,60.122071,False,True,True,True
30.367755,60.033701,False,True,True,True
30.298252,60.029251,False,True,True,True
30.27221,59.900719,False,True,True,True
29.079391,59.910347,True,True,True,True
30.371222,59.922878,False,True,True,True
30.339072,59.918886,True,True,True,True
30.328328,59.933113,False,True,True,True
29.860099,59.878509,False,True,True,True
30.320845,59.926499,True,True,True,False
29.085877,59.901138,False,False,True,False
30.356867,59.892446,False,False,True,False
30.458233,59.861313,False,True,True,True
30.500381,59.830845,True,True,True,True
30.49483,59.839353,False,True,True,True
30.340707,59.853288,False,True,True,True
30.404074,59.863328,True,True,True,True
30.244362,59.846549,False,True,True,True
30.248342,59.858787,True,False,True,False
30.278112,59.851349,False,True,True,True
29.77369,59.900326,True,True,True,True
30.158304,59.869183,False,True,True,True
30.414054,59.833027,True,True,True,True
30.114124,59.840343,True,True,True,True
60.5884103,56.9022433,False,True,True,True
60.744699,56.890157,False,False,True,False
60.564434,56.848611,False,True,True,True
60.499226,56.884374,False,False,True,False
60.522968,56.869004,False,True,True,True
60.574531,56.852411,False,False,True,False
60.093475,57.910225,False,True,True,True
59.996699,57.904683,False,True,True,True
59.940321,57.922703,False,True,True,True
60.810788,56.907151,False,True,True,True
60.588545,56.828493,False,True,True,True
60.569429,56.833171,False,True,True,True
60.570893,56.821686,False,True,True,True
60.543117,56.822952,False,False,True,False
60.624684,56.820907,False,True,True,True
60.630766,56.863483,False,True,True,True
60.634081,56.856314,False,False,True,False
60.640576,56.852381,False,True,True,True
61.321445,56.797013,False,True,True,True
60.649765,56.82373,False,False,True,False
60.644591,56.86182,False,True,True,False
60.64902,56.788549,True,True,True,True
60.6158,56.836204,False,True,True,True
60.610383,56.804712,False,True,True,True
60.615072,56.804949,False,True,True,True
60.570229,56.746065,False,True,True,True
60.599262,56.808088,False,True,True,True
60.492749,56.800055,False,False,True,False
60.660554,56.860063,False,True,True,True
60.48231,56.788855,False,True,True,True
60.596343,56.776142,False,False,True,False
60.580936,56.79585,True,True,True,True
60.612324,56.806905,False,False,True,False
60.264173,56.505167,False,True,True,True
56.25889,58.016405,False,True,True,True
56.267954,58.001957,False,True,True,True
56.309007,58.006173,False,True,True,True
56.234869,58.007456,False,True,True,True
56.257093,58.004781,False,False,True,False
56.294724,58.026686,False,True,True,True
56.209231,57.993262,False,True,True,True
56.288418,57.996024,False,True,True,True
73.400605,61.250331,False,True,True,True
73.418221,61.24818,False,True,True,True
73.361061,61.270205,False,True,True,True
73.3821,61.269314,False,True,True,True
73.43343,61.253944,False,True,True,True
73.447075,61.237666,False,True,True,True
76.597853,60.939607,False,True,True,True
69.038332,60.965884,False,True,True,True
69.040282,61.006342,False,True,True,True
65.57724,57.118652,False,True,True,True
65.567179,57.152384,False,True,True,True
68.274881,58.229178,True,False,True,False
65.541946,57.146051,True,True,True,True
65.482486,57.159633,False,True,True,True
65.493796,57.135043,False,True,True,True
65.51293,57.119918,False,False,True,False
65.659257,57.146979,False,True,True,True
65.591065,57.106531,False,True,True,True
65.562804,57.123451,False,True,True,True
65.571374,57.113726,False,True,True,True
65.559867,57.148849,True,True,True,True
61.347882,55.177853,False,True,True,True
58.973222,53.430384,False,True,True,True
61.387866,55.160612,False,True,True,True
58.97677,53.358056,False,True,True,True
58.975387,53.396984,False,True,True,True
61.281506,55.191772,False,True,True,True
61.369675,55.157114,False,False,True,False
37.967224,55.820223,False,True,True,True
37.841388,55.809145,False,False,True,False
37.875631,55.822539,False,True,True,True
38.001396,55.923942,False,False,True,False
37.99676,55.91631,False,True,True,True
37.877949,55.784496,False,False,True,False
37.955456,55.825487,False,True,True,True
37.943167,55.808108,False,True,True,True
37.821301,55.772639,True,True,True,True
37.817717,55.745478,False,True,True,True
37.744936,55.649063,False,True,True,True
37.758814,55.649916,False,True,True,True
37.752984,55.659744,False,True,True,True
37.742223,55.652314,False,True,True,True
37.749661,55.659647,False,True,True,True
37.718175,55.645908,False,True,True,True
37.723681,55.675123,False,True,True,True
37.722855,55.682483,False,True,True,True
37.765399,55.677336,False,True,True,True
37.758204,55.639959,False,True,True,True
38.226657,55.565804,False,False,True,False
38.251379,55.588099,False,True,True,True
38.763975,55.095678,False,True,True,True
38.804948,55.084126,False,True,True,True
38.441471,55.855906,False,True,True,True
38.987386,55.807992,False,True,True,True
38.445325,55.774902,False,True,True,True
38.430269,55.81299,False,False,True,False
38.173872,55.818447,False,True,True,True
37.784066,55.718187,False,True,True,False
37.779027,55.719105,False,False,True,False
37.747262,55.67061,False,True,True,True
37.765552,55.654533,False,True,True,True
37.7585,55.654228,False,True,True,True
37.792331,55.703226,False,True,True,False
37.812022,55.710758,False,True,True,True
37.822074,55.720372,False,True,True,True
37.825155,55.724124,False,True,True,True
37.820322,55.750824,False,True,True,True
37.819307,55.752784,False,True,True,True
37.797442,55.745275,False,True,True,True
37.762516,55.724814,False,True,True,True
37.86257,55.685259,False,True,True,True
37.889456,55.679854,False,True,True,True
37.8964,55.692115,False,True,True,True
37.85347,55.681859,False,True,True,True
38.082082,55.604595,False,False,True,False
38.092628,55.607809,False,False,True,False
37.877527,55.685132,False,True,True,True
37.871373,55.669894,False,True,True,True
37.846032,55.699599,False,True,True,True
37.853955,55.685919,True,True,True,True
37.697612,55.730912,False,False,False,False
37.787084,55.720859,False,True,True,True
37.741064,55.699294,False,True,True,True
37.765785,55.704098,False,True,True,True
37.676403,55.728494,False,True,True,True
37.681973,55.755925,False,True,True,True
37.7024286,55.7525141,False,True,True,True
37.745699,55.716585,False,True,True,True
37.752365,55.699999,False,True,True,True
38.24686,55.417102,True,True,True,True
37.752526,55.789558,True,True,True,True
37.789007,55.816252,False,True,True,True
37.774715,55.798449,False,False,True,False
37.787111,55.792265,True,True,True,True
37.757979,55.802786,False,True,True,True
37.783734,55.794963,False,True,True,True
37.823358,55.822493,False,True,True,True
37.738045,55.815413,False,True,True,False
37.710063,55.800423,False,True,True,True
37.718076,55.760874,False,True,True,False
37.952437,55.75168,False,False,True,False
37.8593,55.751923,False,True,True,True
37.862139,55.747155,False,True,True,True
37.874464,55.743928,False,True,True,True
37.857036,55.737796,False,True,True,True
37.856668,55.734278,False,False,True,False
37.960396,55.747834,False,False,True,False
38.006821,55.750282,False,True,True,True
38.017565,55.740958,False,True,True,True
37.873628,55.752014,False,True,True,True
37.851763,55.757516,False,True,True,True
37.828757,55.767094,False,True,True,True
37.12853,55.810567,False,False,True,False
36.988258,55.61627,False,False,True,False
36.797384,55.858256,False,False,True,False
36.868243,55.91458,False,True,True,True
36.857678,55.730796,False,True,True,True
37.044321,55.601437,False,False,True,False
37.127991,55.861237,False,True,True,True
37.071765,55.814452,False,False,True,False
35.957917,56.031181,False,True,True,True
37.037144,55.887746,False,False,True,False
37.000843,55.525395,False,False,True,False
37.482978,55.56643,False,True,True,True
36.03102,55.499832,False,True,True,True
36.764478,55.371746,False,True,True,True
37.149361,55.57775,False,False,True,False
37.296488,55.468111,False,True,True,True
37.321326,55.492661,False,True,True,True
37.366062,55.591538,False,False,True,False
37.44462,55.634029,False,False,True,False
37.361912,55.814426,False,True,True,True
37.369781,55.821962,False,True,True,True
37.354393,55.835468,False,False,True,False
37.346739,55.818877,False,False,True,False
37.320239,55.819454,False,True,True,True
37.347853,55.851702,False,True,True,True
37.35795,55.846082,False,True,True,True
37.365191,55.843318,False,True,True,True
37.384352,55.904766,False,True,True,True
37.406522,55.806752,False,True,True,True
37.481361,55.779818,False,True,True,True
37.414418,55.805513,False,True,True,True
37.396793,55.805771,False,True,True,True
37.39613,55.80047,True,True,True,True
37.4093312,55.7583766,False,True,True,True
37.420392,55.718517,False,True,True,True
37.402749,55.755414,False,True,True,True
37.494521,55.769135,False,False,True,False
37.47916,55.70538,False,True,True,False
37.020956,55.706386,True,False,True,False
37.171613,55.72347,False,False,True,False
37.160438,55.706031,False,False,True,False
37.235681,55.657393,False,True,True,True
37.211507,55.632626,False,False,True,False
37.153934,55.678879,False,False,True,False
37.267921,55.678529,False,True,True,True
37.026364,55.705255,False,False,True,False
37.30583,55.68667,False,True,True,True
37.733814,55.356918,False,True,True,True
37.303414,55.663451,False,True,True,True
37.331441,55.694408,False,True,True,True
37.202398,55.659246,False,True,True,True
37.488404,55.619777,False,True,True,True
37.484667,55.655468,False,True,True,False
37.474507,55.630223,False,True,True,True
37.508804,55.665268,False,True,True,False
37.4918357,55.6947177,False,True,True,True
37.498402,55.695677,False,True,True,True
37.448249,55.669239,False,True,True,False
37.4909733,55.683805,False,True,True,False
37.495994,55.6935,False,True,True,True
37.485718,55.680986,False,True,True,False
37.512964,55.703545,False,True,True,False
37.469171,55.650236,False,False,True,False
37.401905,55.658794,False,True,True,True
37.359801,55.641199,False,True,True,True
37.348392,55.636524,False,True,True,True
37.391107,55.643053,False,True,True,True
37.469216,55.664436,False,True,True,False
37.453531,55.668975,False,True,True,False
37.480993,55.663019,False,True,True,False
37.341592,55.639756,False,True,True,True
37.307142,55.625948,False,True,True,True
37.411741,55.647041,False,True,True,True
37.585161,55.898906,True,True,True,True
37.588674,55.888296,False,True,True,True
37.602166,55.88557,False,True,True,False
37.606514,55.883742,False,True,True,False
37.585619,55.901955,False,True,True,True
37.600594,55.893612,False,True,True,True
37.537678,55.88988,False,True,True,True
37.559308,55.888856,False,True,True,True
37.578873,55.897614,True,True,True,False
37.591153,55.87096,False,True,True,False
37.60982,55.874324,False,True,True,False
37.6379732,55.8705585,False,True,True,True
37.65876,55.888281,False,True,True,True
37.6561556,55.887347,False,True,True,True
37.652481,55.877167,False,True,True,False
37.694747,55.880298,False,True,True,True
37.634595,55.87942,False,True,True,True
37.68395,55.85356,False,False,True,False
37.653388,55.854997,False,True,True,True
37.478082,55.855078,False,True,True,False
37.564563,55.875486,False,True,True,True
37.519925,55.882293,False,True,True,True
37.490497,55.875223,False,True,True,True
37.534092,55.877092,False,True,True,True
37.465775,55.865333,False,True,True,True
37.485421,55.840897,False,True,True,True
37.558957,55.877354,False,True,True,True
37.48914,55.881616,False,True,True,True
37.45787,55.898119,False,False,True,False
37.31025,55.975148,False,False,True,False
37.314059,55.938082,False,True,True,True
37.15503,55.977944,False,True,True,True
37.206036,56.005777,False,False,True,False
37.184252,55.981324,False,True,True,True
37.211004,56.002279,False,True,True,True
37.151706,55.98496,False,True,True,True
37.187531,55.965103,False,True,True,True
37.210106,55.998227,False,True,True,True
37.155686,55.988389,False,True,True,True
37.196191,55.927352,False,True,True,True
38.133178,56.303876,False,False,True,False
37.883186,55.918348,False,True,True,True
37.867169,55.917359,False,True,True,True
37.843202,55.933948,False,True,True,True
37.83801,55.920542,False,True,True,True
37.867349,55.90794,False,True,True,True
37.847469,56.011701,False,False,True,False
37.735827,55.973491,False,False,True,False
37.854629,55.922212,False,False,True,False
37.851862,55.937704,False,False,True,False
37.906895,55.975254,False,True,True,True
37.861438,56.019309,False,True,True,True
37.756281,55.918807,False,False,True,False
37.724912,55.91858,False,False,True,False
37.711204,55.904266,False,True,True,True
37.759264,55.916678,False,True,True,True
37.720259,55.898755,False,True,True,True
37.754224,55.925102,False,True,True,True
37.772379,55.916386,False,True,True,True
37.728478,55.905482,False,False,True,False
37.727598,55.89183,False,False,True,False
37.699921,55.90519,False,True,True,True
37.666926,55.961767,False,False,True,False
36.712681,56.331992,False,True,True,True
36.734088,56.333973,False,False,True,False
37.168487,56.738394,False,True,True,True
37.157006,56.735851,True,False,True,False
35.944406,56.846721,False,True,True,True
35.907665,56.853031,False,True,True,True
36.682489,56.364745,False,False,True,False
36.956817,56.180227,False,True,True,True
35.917547,56.830014,False,False,True,False
35.912669,56.871173,False,True,True,True
35.939951,56.850471,False,False,True,False
36.968746,56.193902,False,False,True,False
37.423366,55.878758,False,True,True,True
37.434873,55.862984,False,True,True,True
37.44409,55.850408,False,True,True,True
37.438754,55.845501,False,True,True,True
37.43207,55.857144,False,True,True,True
37.388322,55.889937,False,True,True,True
37.415766,55.901198,False,True,True,True
37.462146,55.815762,False,True,True,True
37.445473,55.861039,False,True,True,True
37.454645,55.847821,False,True,True,False
37.421874,55.850014,False,True,True,True
37.592411,55.752141,True,True,True,True
37.56538,55.746218,False,True,True,True
37.617114,55.757131,False,False,True,False
37.576789,55.730847,True,True,True,True
37.600891,55.785898,False,False,True,False
37.601403,55.780036,False,False,True,False
37.599669,55.789213,False,False,True,False
37.566072,55.744632,True,False,True,False
37.610287,55.723506,False,True,True,True
37.618659,55.736012,False,True,True,True
37.68509,55.772087,False,True,True,True
37.674499,55.73846,False,True,True,True
37.663943,55.731855,False,True,True,True
37.659164,55.757339,False,True,True,True
37.726583,55.782754,False,True,True,True
37.666189,55.780431,True,True,True,False
37.664896,55.69587,True,True,True,True
37.700837,55.795585,False,True,True,True
37.678685,55.788576,True,True,True,True
37.658571,55.740532,True,True,True,False
37.671112,55.733462,False,True,True,True
37.704116,55.782071,False,True,True,True
37.620761,55.709028,False,True,True,True
37.610619,55.651364,False,True,True,True
37.620698,55.653644,False,True,True,True
37.609901,55.653761,False,True,True,True
37.66203,55.675885,False,True,True,True
37.702876,55.682128,False,True,True,True
37.652625,55.681529,False,True,True,True
37.622405,55.700877,False,True,True,True
37.661913,55.682651,False,True,True,True
37.622612,55.729331,False,True,True,True
37.621714,55.714891,False,False,True,False
37.64613,55.653314,False,True,True,True
37.539644,55.749299,True,True,True,True
37.467536,55.726244,False,True,True,True
37.571641,55.764729,False,True,True,True
37.546974,55.758114,False,True,True,True
37.449677,55.725595,False,True,True,True
37.476169,55.727927,True,True,True,True
37.470743,55.709657,False,True,True,False
37.484433,55.739225,False,True,True,True
37.491,55.739488,False,True,True,True
37.509236,55.755023,False,True,True,True
37.467383,55.736387,False,True,True,True
37.508984,55.762789,False,True,True,True
37.456828,55.707294,False,True,True,False
37.483023,55.799588,False,True,True,True
37.559541,55.784233,False,True,True,True
37.544629,55.790221,False,True,True,True
37.559883,55.793227,False,True,True,True
37.498761,55.785782,False,True,True,True
37.583373,55.769226,False,True,True,False
37.523707,55.777099,False,True,True,True
37.459999,55.809611,False,True,True,True
37.559379,55.791243,True,True,True,True
37.511508,55.807951,False,True,True,True
37.464571,55.809469,True,True,True,True
37.660269,55.82173,False,True,True,True
37.583742,55.802953,False,True,True,True
37.585305,55.825133,False,True,True,True
37.617141,55.795433,False,True,True,False
37.632098,55.780319,False,True,True,False
37.636356,55.793227,False,False,True,False
37.589336,55.82295,True,True,True,True
37.635567,55.847244,False,True,True,True
37.658338,55.835008,False,True,True,True
37.653307,55.815453,False,True,True,True
37.651241,55.812504,False,True,True,False
37.573205,55.818124,False,True,True,True
37.551241,55.864172,True,True,True,True
37.511454,55.858468,False,True,True,True
37.520114,55.851758,False,True,True,False
37.580526,55.818306,False,False,True,False
37.512622,55.815306,False,True,True,True
37.576852,55.838,False,True,True,True
37.51653,55.825664,False,True,True,False
37.545581,55.863833,False,True,True,True
37.557736,55.856967,False,True,True,True
37.548627,55.544275,False,False,True,False
37.585386,55.568558,False,True,True,True
37.569764,55.567117,False,False,True,False
37.532538,55.546868,False,False,True,False
37.518282,55.542767,False,True,True,True
37.556101,55.545406,False,False,True,False
37.551232,55.546307,False,True,True,True
37.543246,55.547845,True,True,True,True
37.567913,55.498989,False,True,True,True
37.559173,55.504216,False,False,True,False
37.593569,55.500259,False,True,True,True
37.59524,55.582986,False,True,True,True
37.664976,55.594102,False,True,True,True
37.671507,55.582655,False,True,True,True
37.702544,55.551741,False,True,True,True
37.718327,55.540715,False,True,True,True
37.682772,55.583632,False,True,True,True
37.710162,55.542961,False,False,True,False
37.672837,55.586191,False,False,True,False
37.671274,55.595715,False,False,True,False
37.712318,55.529323,False,True,True,True
37.669845,55.587372,False,True,True,True
37.665336,55.57863,False,False,True,False
37.647603,55.575144,False,True,True,True
37.648205,55.586405,False,True,True,True
37.719028,55.613143,False,True,True,False
37.752149,55.619574,False,True,True,True
37.712345,55.604758,False,True,True,True
37.733716,55.607356,True,True,True,True
37.738171,55.621226,True,True,True,True
37.74092,55.628047,False,True,True,False
37.71459,55.625323,False,True,True,True
37.739743,55.635462,False,False,True,False
37.735674,55.586649,False,True,True,True
37.720106,55.609675,True,True,True,True
37.725271,55.598858,False,False,True,False
37.709093,55.624505,True,True,True,True
37.511445,55.663842,False,True,True,False
37.541503,55.656031,False,True,True,False
37.549175,55.683097,False,True,True,True
37.554017,55.671443,True,True,True,True
37.575298,55.680057,False,True,True,True
37.545824,55.666056,False,True,True,True
37.527094,55.65949,False,True,True,False
37.578262,55.664685,False,True,True,True
37.57201,55.655453,False,True,True,True
37.595555,55.647534,False,False,True,False
37.595609,55.658347,False,True,True,True
37.518758,55.668635,False,True,True,False
37.571938,55.408297,False,True,True,True
37.538305,55.424311,True,True,True,True
37.493371,55.424255,False,True,True,True
37.550091,55.43013,False,True,True,True
37.557538,55.461814,False,True,True,True
37.494341,55.433261,False,False,True,False
37.504439,55.426549,False,True,True,True
37.501627,55.418752,False,False,True,False
37.5642384,55.4853348,True,True,True,True
37.609191,55.600974,False,True,True,True
37.60593,55.622604,False,True,True,True
37.615937,55.627565,False,True,True,True
37.603666,55.64221,False,True,True,True
37.589805,55.596691,False,True,True,True
37.600388,55.637393,False,True,True,True
37.659569,55.629227,False,False,True,False
37.677661,55.637886,False,True,True,True
37.656173,55.641229,False,True,True,True
37.657718,55.620377,False,True,True,True
37.66627,55.626086,False,False,True,False
37.40522,54.942092,False,True,True,True
37.5328089,55.3680474,False,True,True,True
37.459469,55.153262,False,True,True,True
37.426492,54.917515,False,False,True,False
37.22058,54.873429,False,True,True,True
37.44135,55.399229,False,False,True,False
38.062607,54.891448,False,True,True,True
38.090598,55.024389,False,False,True,False
37.756946,55.459695,True,True,True,True
37.43596,54.91543,False,False,True,False
37.521309,55.645476,True,True,True,False
37.517608,55.628535,False,True,True,False
37.537586,55.611963,False,True,True,True
37.536284,55.60667,False,False,True,False
37.513233,55.606889,False,False,True,False
37.54153,55.595094,False,True,True,True
37.536428,55.61027,False,True,True,True
37.53906,55.600318,False,True,True,True
37.521129,55.636306,False,True,True,False
37.532367,55.607489,True,True,True,False
37.542024,55.642154,False,True,True,True
37.507484,55.61813,False,True,True,False
37.494836,55.644328,True,True,True,False
44.773794,48.776219,False,True,True,True
48.069749,46.358866,True,True,True,True
44.757463,48.777982,False,True,True,True
44.562268,48.520061,False,True,True,True
44.506609,48.719801,False,True,True,True
44.502988,48.745377,False,True,True,True
44.800322,48.772425,False,True,True,True
44.541571,48.725964,True,True,True,True
38.98735,45.022864,False,True,True,True
38.917479,45.031744,False,True,True,False
38.979894,45.04524,False,True,True,True
38.942462,45.060153,False,True,True,True
38.961901,45.001517,True,True,True,True
39.028412,45.053722,False,True,True,True
37.378782,45.279938,False,False,True,False
38.105546,44.55687,False,True,True,True
37.779484,44.681526,False,True,True,True
38.076782,44.57347,True,True,True,True
38.078489,44.557088,False,True,True,True
37.336561,44.878565,False,True,True,True
37.317293,44.896204,False,False,True,False
37.318272,44.87403,False,False,True,False
39.651376,47.202368,False,True,True,True
39.704664,47.22493,True,False,True,False
39.628532,47.229281,False,True,True,True
39.672361,47.210602,False,True,True,True
39.703757,47.212248,True,True,True,True
40.104055,47.410998,False,True,True,True
39.418533,47.098887,False,True,True,True
40.05436,47.425314,True,True,True,True
39.629511,47.208698,False,True,True,True
39.726098,47.23141,False,True,True,True
39.7054319,47.2350975,False,True,True,True
38.915126,47.27645,False,True,True,True
39.717546,47.281212,False,True,True,True
39.7309652,47.2322731,False,False,True,False
38.919851,47.219397,False,True,True,False
39.714662,47.288083,False,False,True,False
39.76566,47.244137,False,True,True,True
39.71124,47.294763,False,True,True,True
39.727589,43.594555,True,True,True,True
40.263156,43.68381,True,True,True,True
39.72564,43.591871,False,False,True,False
39.736186,43.572352,True,True,True,True
40.2907472,43.6729244,True,True,True,False
39.926853,43.427665,False,True,True,True
39.924006,43.418845,True,True,True,True
41.965176,45.033827,False,True,True,True
41.911528,44.999401,False,True,True,True
41.931785,45.064164,False,True,True,True
42.000372,45.042591,False,True,True,True
43.034198,44.051212,False,True,True,True
42.880568,44.044727,False,True,True,True
42.047318,44.224208,False,True,True,True
30.267314,59.850649,True,True,True,False
37.585808,55.852768,False,True,True,False
37.57351,55.807921,False,True,True,True
30.290176,59.95926,True,True,True,True
30.233744,59.949154,False,False,True,False
30.173548,59.860287,False,True,True,True
30.205923,59.834338,False,True,True,True
30.2101,60.000371,False,True,True,True
30.299034,60.005437,True,True,True,True
30.4597032,59.9143303,False,True,True,True
39.1914871,51.7147381,False,False,True,False
39.702149,54.626297,False,True,True,True
39.557323,52.597154,False,True,True,False
37.83501,51.295636,False,True,True,True
39.272664,51.697198,True,True,True,True
53.2227611,56.8586509,False,True,True,True
52.453267,55.761801,False,True,True,True
50.211683,53.25527,False,False,True,False
49.343075,53.535973,False,True,True,True
49.287883,53.499246,False,True,True,True
46.022183,51.536341,False,True,True,True
46.017737,51.5315,False,False,True,False
50.199969,53.233672,True,True,True,True
50.160677,53.1983,False,True,True,True
50.105853,53.19413,False,False,True,False
50.076451,53.181342,False,False,True,False
50.232416,53.347075,False,False,True,False
56.114719,54.780891,False,True,True,True
55.9015414,53.6225057,False,True,True,True
30.458862,59.922404,False,True,True,True
30.494211,59.940528,False,True,True,True
30.403634,59.836662,False,False,True,False
30.30083,59.999476,False,True,True,True
30.287176,59.967381,True,True,True,True
29.971498,60.09581,False,True,True,True
30.210675,60.006201,True,True,True,True
30.504191,59.834162,False,False,True,False
59.9585376,57.9105206,False,True,True,True
74.474532,62.261728,False,False,True,False
37.941541,55.824091,False,True,True,True
37.721696,55.750398,False,False,True,False
0.0,0.0,False,False,True,False
37.1947719,55.5361496,False,False,True,False
0.0,0.0,False,False,True,False
37.454034,55.589305,False,False,True,False
37.428468,55.655371,False,True,True,True
37.36352,55.605821,False,True,True,True
37.532053,55.966509,False,True,True,True
37.494117,55.93546,True,True,True,True
0.0,0.0,False,False,True,False
37.673421,55.86355,False,True,True,True
37.433526,55.88876,True,True,True,True
0.0,0.0,False,False,True,False
37.71936,55.921148,False,False,True,False
37.446084,55.866268,False,True,True,True
37.581002,55.534928,False,True,True,True
37.594827,55.625399,False,True,True,True
37.763198,55.451967,False,False,True,False
37.767923,55.40431,False,True,True,True
42.717946,43.909265,False,True,True,True
30.397812,60.011536,False,False,True,False
30.632416,60.032133,False,True,True,True
30.473693,59.950956,False,True,True,True
30.34023,60.041867,True,True,True,True
30.402124,60.010807,False,True,True,True
28.775994,60.697772,False,True,True,True
30.345863,60.036776,False,True,True,False
30.439773,59.959683,True,True,True,False
30.4376415,59.9330239,True,False,True,False
30.485892,59.900507,False,True,True,True
30.493357,59.895452,False,True,True,True
30.4835554,59.9240366,True,True,True,True
30.514953,59.910122,False,True,True,True
30.3532806,59.9930086,True,True,True,True
30.2183016,59.9860703,True,True,True,True
30.446807,59.9129326,True,True,True,True
38.973391,45.097793,False,True,True,True
72.631782,61.096102,False,True,True,True
76.579617,60.937234,False,True,True,True
30.22866,60.008432,False,False,True,False
30.49766,59.94605,True,False,True,False
39.7285311,43.5848039,False,True,True,True
40.2593194,43.6839787,False,True,True,True
37.3955532,55.8742139,True,True,True,True
37.407196,55.884964,False,False,True,False
37.7664984,55.4363283,False,True,True,True
55.118668,51.841887,False,True,True,True
35.8968878,56.8346567,True,True,True,True
47.92999,56.627922,False,True,True,True
37.7123286,55.9247118,False,False,True,False
55.956131,53.614723,False,True,True,True
37.78126,44.685364,False,True,True,True
38.0883561,55.6101966,True,True,True,True
30.228875,60.017877,False,False,True,False
37.551528,55.429226,False,False,True,False
37.8027157,55.8114157,True,False,True,False
53.2112241,56.8575024,False,False,True,False
30.220036,59.853265,True,True,True,True
61.279772,55.172116,False,True,True,False
72.8365617,60.7585833,False,False,True,False
60.625556,56.805885,False,True,True,True
39.913451,43.44782,False,True,True,True
37.099963,55.981908,False,False,True,False
30.375031,59.989598,False,True,True,True
49.6471925,58.5985896,False,True,True,True
37.965661,55.833809,False,True,True,True
55.999978,54.749725,False,True,True,True
37.263439,55.615832,False,True,True,True
37.4157642,55.913832,False,True,True,True
41.925937,45.004972,True,True,True,True
40.985302,57.005529,True,True,True,True
56.037689,53.449527,False,False,True,True
30.4702598,59.7403178,True,False,True,False
30.231552,59.952263,True,False,True,False
37.49488,55.867142,True,True,True,True
30.657255,59.90566,False,False,True,False
30.348064,59.911543,True,False,True,False
30.148045,59.582031,True,True,True,True
30.451415,59.900376,False,True,True,True
30.365365,60.04742,True,True,True,True
39.640435,47.192578,False,True,True,True
40.4055715,56.141856,False,False,True,False
37.497198,55.854062,False,True,True,True
37.100107,55.973768,False,True,True,True
50.189926,53.218751,False,False,True,False
37.5696458,55.6563368,False,False,True,False
37.7808983,55.8053867,False,True,True,True
36.192368,51.737934,False,False,True,False
36.13793,51.736965,False,False,True,False
36.1412546,51.6674844,False,False,True,False
36.1734289,51.782007,False,True,True,True
38.923567,45.1160018,False,True,True,True
39.18021,51.717033,False,True,True,True
37.611732,55.62172,False,False,True,False
30.406894,59.975288,True,True,True,True
31.242965,58.531493,True,True,True,True
39.895853,43.478593,True,False,True,False
33.097205,68.888486,True,True,True,True
33.0973127,68.9502763,True,True,True,True
33.109486,68.97682,False,True,True,True
33.0811621,68.9083156,False,True,True,True
33.1005108,68.9681935,True,False,True,False
33.0960456,69.0014333,False,False,True,False
33.0876354,69.0240044,False,True,True,True
33.071255,68.97047,False,True,True,True
33.0263744,68.8811411,True,False,True,True
33.3686756,67.5707818,True,False,True,True
38.0787206,54.8982364,False,False,True,False
52.3924493,55.7306976,True,True,True,True
30.654039,59.932973,False,True,True,True
34.3223208,61.7824885,False,True,True,True
49.297035,53.533142,False,True,True,True
37.9857754,55.7459414,False,True,True,True
36.685214,55.9162296,False,False,True,False
44.5020117,48.6971133,True,True,True,True
37.5147899,55.7508974,False,True,True,True
30.248216,60.032357,False,True,True,True
32.0617718,54.7653022,False,False,True,False
37.639931,55.535208,True,True,True,True
30.487509,59.949361,False,True,True,True
30.214817,59.854242,False,True,True,True
72.616313,61.077849,True,False,True,False
30.091891,59.745594,False,True,True,True
28.60775,59.376404,False,True,True,True
44.518547,48.745068,True,True,True,True
44.509465,48.704279,False,True,True,True
37.583598,55.735941,True,False,True,False
37.692788,55.547621,False,True,True,True
39.893921,43.485547,False,True,True,True
30.315877,59.935836,True,False,True,False
30.309005,59.926896,True,False,True,False
50.167998,53.2246,True,True,True,True
50.263004,53.22057,True,True,True,True
50.220585,53.248745,True,True,True,True
50.106868,53.195096,True,True,True,True
37.199852,56.00883,False,True,True,True
34.417019,53.215122,False,False,True,False
37.59913,55.594611,False,True,True,True
39.734371,54.623925,False,True,True,True
37.497468,55.823211,True,True,True,True
37.822092,55.923887,False,False,True,False
37.525468,55.778426,False,True,True,True
37.467383,55.79764,False,True,True,True
37.430094,54.922669,True,True,True,True
37.602139,55.863166,True,True,True,False
37.63712,54.193544,True,False,True,False
30.26416,59.880028,True,True,True,True
37.565192,55.565086,False,True,True,True
30.237454,60.005886,False,False,True,False
30.251549,60.013096,False,False,True,False
37.697612,55.730912,False,False,False,False
37.729943,55.809095,True,True,True,True
37.640973,55.731622,True,True,True,True
37.73138,55.603676,False,True,True,True
37.545932,55.774274,True,True,True,True
37.920871,55.70494,True,False,True,False
37.65797,55.60272,False,True,True,True
37.635063,55.780704,False,True,True,False
37.470419,55.676316,False,True,True,False
37.521309,55.645476,False,True,True,False
37.585583,55.858129,False,True,True,False
36.989839,55.810319,False,False,True,False
50.1507068,53.1955065,False,False,True,False
30.3484377,59.8317678,True,False,True,False
44.045809,56.275934,False,True,True,True
56.227629,58.011566,True,False,True,False
